{"cameraMode":{"drawMode":0,"name":"Shaded","section":"Shading Mode"},"sceneLighting":true,"audioPlay":false,"sceneViewState":{"m_AlwaysRefresh":true,"showFog":true,"showSkybox":true,"showFlares":true,"showImageEffects":true,"showParticleSystems":true,"showVisualEffectGraphs":true,"m_FxEnabled":true},"in2DMode":false,"pivot":{"x":488.32708740234377,"y":-1346.7994384765625,"z":817.7330322265625},"rotation":{"x":0.44400033354759219,"y":0.23163846135139466,"z":-0.12009783089160919,"w":0.8572993874549866},"size":841.0250854492188,"orthographic":false}