{"cameraMode":{"drawMode":0,"name":"Shaded","section":"Shading Mode"},"sceneLighting":false,"audioPlay":false,"sceneViewState":{"showFog":true,"showMaterialUpdate":true,"showSkybox":false,"showFlares":true,"showImageEffects":true,"showParticleSystems":true},"in2DMode":false,"pivot":{"x":-150.72300720214845,"y":594.462890625,"z":-207.51600646972657},"rotation":{"x":-0.23112009465694428,"y":-0.6099448800086975,"z":0.1923636496067047,"w":-0.7332900762557983},"size":4.041658401489258,"orthographic":true}