{"cameraMode":{"drawMode":0,"name":"Shaded","section":"Shading Mode"},"sceneLighting":true,"audioPlay":false,"sceneViewState":{"showFog":true,"showMaterialUpdate":true,"showSkybox":true,"showFlares":true,"showImageEffects":true,"showParticleSystems":true},"in2DMode":false,"pivot":{"x":391.3089599609375,"y":-1487.6571044921875,"z":94.62590789794922},"rotation":{"x":0.47135934233665469,"y":0.500414252281189,"z":-0.38205718994140627,"w":0.6177502870559692},"size":1618.6888427734375,"orthographic":false}